,living,season,cost
0,apartment,summer,549
1,apartment,summer,445
2,apartment,summer,490
3,apartment,summer,533
4,apartment,summer,551
5,apartment,summer,575
6,apartment,summer,500
7,apartment,summer,552
8,apartment,summer,522
9,apartment,summer,539
10,apartment,summer,560
11,apartment,summer,430
12,apartment,summer,532
13,apartment,summer,526
14,apartment,summer,445
15,apartment,summer,624
16,apartment,summer,514
17,apartment,summer,544
18,apartment,summer,434
19,apartment,summer,499
20,apartment,summer,558
21,apartment,summer,481
22,apartment,summer,443
23,apartment,summer,546
24,apartment,summer,571
25,apartment,summer,571
26,apartment,summer,590
27,apartment,summer,427
28,apartment,summer,531
29,apartment,summer,433
30,apartment,summer,485
31,apartment,summer,506
32,apartment,summer,532
33,apartment,summer,574
34,apartment,summer,550
35,apartment,summer,476
36,apartment,summer,536
37,apartment,summer,483
38,apartment,summer,645
39,apartment,summer,557
40,apartment,summer,580
41,apartment,summer,554
42,apartment,summer,478
43,apartment,summer,488
44,apartment,summer,513
45,apartment,summer,580
46,apartment,summer,560
47,apartment,summer,478
48,apartment,summer,486
49,apartment,summer,488
50,apartment,summer,504
51,apartment,summer,531
52,apartment,summer,516
53,apartment,summer,519
54,apartment,summer,463
55,apartment,summer,468
56,apartment,summer,518
57,apartment,summer,526
58,apartment,summer,579
59,apartment,summer,545
60,apartment,summer,556
61,apartment,summer,449
62,apartment,summer,533
63,apartment,summer,521
64,apartment,summer,518
65,apartment,summer,525
66,apartment,summer,565
67,apartment,summer,404
68,apartment,summer,498
69,apartment,summer,463
70,apartment,summer,492
71,apartment,summer,484
72,apartment,summer,518
73,apartment,summer,553
74,apartment,summer,495
75,apartment,summer,549
76,apartment,summer,472
77,apartment,summer,484
78,apartment,summer,492
79,apartment,summer,499
80,apartment,summer,438
81,apartment,summer,382
82,apartment,summer,434
83,apartment,summer,480
84,apartment,summer,458
85,apartment,summer,444
86,apartment,summer,578
87,apartment,summer,491
88,apartment,summer,496
89,apartment,summer,493
90,apartment,summer,533
91,apartment,summer,427
92,apartment,summer,494
93,apartment,summer,408
94,apartment,summer,561
95,apartment,summer,458
96,apartment,summer,558
97,apartment,summer,604
98,apartment,summer,505
99,apartment,summer,497
100,apartment,summer,494
101,apartment,summer,488
102,apartment,summer,576
103,apartment,summer,539
104,apartment,summer,417
105,apartment,summer,489
106,apartment,summer,468
107,apartment,summer,509
108,apartment,summer,476
109,apartment,summer,629
110,apartment,summer,508
111,apartment,summer,418
112,apartment,summer,517
113,apartment,summer,483
114,apartment,summer,463
115,apartment,summer,460
116,apartment,summer,466
117,apartment,summer,435
118,apartment,summer,407
119,apartment,summer,551
120,apartment,summer,500
121,apartment,summer,404
122,apartment,summer,416
123,apartment,summer,503
124,apartment,summer,465
125,apartment,summer,541
126,apartment,summer,482
127,apartment,summer,397
128,apartment,summer,610
129,apartment,summer,532
130,apartment,summer,526
131,apartment,summer,533
132,apartment,summer,482
133,apartment,summer,486
134,apartment,summer,434
135,apartment,summer,526
136,apartment,summer,424
137,apartment,summer,464
138,apartment,summer,475
139,apartment,summer,525
140,apartment,summer,535
141,apartment,summer,441
142,apartment,summer,534
143,apartment,summer,539
144,apartment,summer,521
145,apartment,summer,422
146,apartment,summer,536
147,apartment,summer,481
148,apartment,summer,500
149,apartment,summer,547
150,apartment,summer,422
151,apartment,summer,530
152,apartment,summer,434
153,apartment,summer,603
154,apartment,summer,511
155,apartment,summer,478
156,apartment,summer,530
157,apartment,summer,471
158,apartment,summer,579
159,apartment,summer,509
160,apartment,summer,438
161,apartment,summer,499
162,apartment,summer,432
163,apartment,summer,499
164,apartment,summer,538
165,apartment,summer,499
166,apartment,summer,455
167,apartment,summer,547
168,apartment,summer,551
169,apartment,summer,571
170,apartment,summer,386
171,apartment,summer,583
172,apartment,summer,517
173,apartment,summer,516
174,apartment,summer,450
175,apartment,summer,483
176,apartment,summer,452
177,apartment,summer,542
178,apartment,summer,498
179,apartment,summer,544
180,apartment,summer,542
181,apartment,summer,444
182,apartment,summer,455
183,apartment,summer,553
184,apartment,summer,539
185,apartment,summer,424
186,apartment,summer,540
187,apartment,summer,567
188,apartment,summer,492
189,apartment,summer,542
190,apartment,summer,476
191,apartment,summer,473
192,apartment,summer,518
193,apartment,summer,536
194,apartment,summer,499
195,apartment,summer,533
196,apartment,summer,456
197,apartment,summer,425
198,apartment,summer,608
199,apartment,summer,538
200,apartment,spring,426
201,apartment,spring,488
202,apartment,spring,356
203,apartment,spring,393
204,apartment,spring,403
205,apartment,spring,455
206,apartment,spring,377
207,apartment,spring,443
208,apartment,spring,365
209,apartment,spring,424
210,apartment,spring,444
211,apartment,spring,425
212,apartment,spring,479
213,apartment,spring,320
214,apartment,spring,386
215,apartment,spring,374
216,apartment,spring,407
217,apartment,spring,349
218,apartment,spring,387
219,apartment,spring,350
220,apartment,spring,425
221,apartment,spring,326
222,apartment,spring,330
223,apartment,spring,376
224,apartment,spring,413
225,apartment,spring,424
226,apartment,spring,469
227,apartment,spring,400
228,apartment,spring,373
229,apartment,spring,433
230,apartment,spring,399
231,apartment,spring,406
232,apartment,spring,418
233,apartment,spring,414
234,apartment,spring,410
235,apartment,spring,390
236,apartment,spring,383
237,apartment,spring,348
238,apartment,spring,438
239,apartment,spring,389
240,apartment,spring,431
241,apartment,spring,439
242,apartment,spring,511
243,apartment,spring,379
244,apartment,spring,415
245,apartment,spring,416
246,apartment,spring,343
247,apartment,spring,399
248,apartment,spring,439
249,apartment,spring,414
250,apartment,spring,397
251,apartment,spring,388
252,apartment,spring,295
253,apartment,spring,351
254,apartment,spring,359
255,apartment,spring,371
256,apartment,spring,348
257,apartment,spring,353
258,apartment,spring,395
259,apartment,spring,381
260,apartment,spring,432
261,apartment,spring,362
262,apartment,spring,398
263,apartment,spring,384
264,apartment,spring,401
265,apartment,spring,418
266,apartment,spring,408
267,apartment,spring,428
268,apartment,spring,356
269,apartment,spring,435
270,apartment,spring,351
271,apartment,spring,424
272,apartment,spring,352
273,apartment,spring,401
274,apartment,spring,424
275,apartment,spring,392
276,apartment,spring,430
277,apartment,spring,406
278,apartment,spring,370
279,apartment,spring,450
280,apartment,spring,454
281,apartment,spring,423
282,apartment,spring,413
283,apartment,spring,429
284,apartment,spring,473
285,apartment,spring,388
286,apartment,spring,363
287,apartment,spring,426
288,apartment,spring,501
289,apartment,spring,385
290,apartment,spring,359
291,apartment,spring,368
292,apartment,spring,424
293,apartment,spring,382
294,apartment,spring,448
295,apartment,spring,297
296,apartment,spring,393
297,apartment,spring,366
298,apartment,spring,387
299,apartment,spring,349
300,apartment,spring,424
301,apartment,spring,406
302,apartment,spring,453
303,apartment,spring,391
304,apartment,spring,424
305,apartment,spring,505
306,apartment,spring,373
307,apartment,spring,399
308,apartment,spring,384
309,apartment,spring,361
310,apartment,spring,356
311,apartment,spring,350
312,apartment,spring,386
313,apartment,spring,398
314,apartment,spring,404
315,apartment,spring,411
316,apartment,spring,361
317,apartment,spring,332
318,apartment,spring,360
319,apartment,spring,348
320,apartment,spring,379
321,apartment,spring,443
322,apartment,spring,451
323,apartment,spring,393
324,apartment,spring,418
325,apartment,spring,404
326,apartment,spring,341
327,apartment,spring,406
328,apartment,spring,370
329,apartment,spring,352
330,apartment,spring,392
331,apartment,spring,381
332,apartment,spring,353
333,apartment,spring,389
334,apartment,spring,427
335,apartment,spring,466
336,apartment,spring,429
337,apartment,spring,342
338,apartment,spring,434
339,apartment,spring,342
340,apartment,spring,344
341,apartment,spring,452
342,apartment,spring,381
343,apartment,spring,406
344,apartment,spring,397
345,apartment,spring,461
346,apartment,spring,341
347,apartment,spring,345
348,apartment,spring,367
349,apartment,spring,409
350,apartment,spring,495
351,apartment,spring,405
352,apartment,spring,394
353,apartment,spring,430
354,apartment,spring,400
355,apartment,spring,459
356,apartment,spring,438
357,apartment,spring,464
358,apartment,spring,492
359,apartment,spring,423
360,apartment,spring,396
361,apartment,spring,429
362,apartment,spring,347
363,apartment,spring,449
364,apartment,spring,394
365,apartment,spring,418
366,apartment,spring,337
367,apartment,spring,437
368,apartment,spring,510
369,apartment,spring,380
370,apartment,spring,367
371,apartment,spring,417
372,apartment,spring,393
373,apartment,spring,389
374,apartment,spring,362
375,apartment,spring,392
376,apartment,spring,429
377,apartment,spring,353
378,apartment,spring,400
379,apartment,spring,402
380,apartment,spring,402
381,apartment,spring,319
382,apartment,spring,340
383,apartment,spring,354
384,apartment,spring,432
385,apartment,spring,356
386,apartment,spring,421
387,apartment,spring,408
388,apartment,spring,368
389,apartment,spring,464
390,apartment,spring,448
391,apartment,spring,379
392,apartment,spring,341
393,apartment,spring,401
394,apartment,spring,379
395,apartment,spring,291
396,apartment,spring,384
397,apartment,spring,347
398,apartment,spring,380
399,apartment,spring,432
400,apartment,autumn,289
401,apartment,autumn,259
402,apartment,autumn,276
403,apartment,autumn,376
404,apartment,autumn,317
405,apartment,autumn,318
406,apartment,autumn,339
407,apartment,autumn,303
408,apartment,autumn,282
409,apartment,autumn,271
410,apartment,autumn,266
411,apartment,autumn,241
412,apartment,autumn,313
413,apartment,autumn,299
414,apartment,autumn,304
415,apartment,autumn,288
416,apartment,autumn,346
417,apartment,autumn,334
418,apartment,autumn,257
419,apartment,autumn,276
420,apartment,autumn,304
421,apartment,autumn,304
422,apartment,autumn,303
423,apartment,autumn,298
424,apartment,autumn,312
425,apartment,autumn,306
426,apartment,autumn,313
427,apartment,autumn,323
428,apartment,autumn,321
429,apartment,autumn,269
430,apartment,autumn,323
431,apartment,autumn,270
432,apartment,autumn,292
433,apartment,autumn,329
434,apartment,autumn,261
435,apartment,autumn,261
436,apartment,autumn,324
437,apartment,autumn,299
438,apartment,autumn,320
439,apartment,autumn,270
440,apartment,autumn,333
441,apartment,autumn,283
442,apartment,autumn,387
443,apartment,autumn,326
444,apartment,autumn,308
445,apartment,autumn,255
446,apartment,autumn,345
447,apartment,autumn,293
448,apartment,autumn,347
449,apartment,autumn,316
450,apartment,autumn,320
451,apartment,autumn,315
452,apartment,autumn,244
453,apartment,autumn,299
454,apartment,autumn,294
455,apartment,autumn,266
456,apartment,autumn,362
457,apartment,autumn,242
458,apartment,autumn,205
459,apartment,autumn,372
460,apartment,autumn,257
461,apartment,autumn,248
462,apartment,autumn,308
463,apartment,autumn,340
464,apartment,autumn,273
465,apartment,autumn,285
466,apartment,autumn,256
467,apartment,autumn,285
468,apartment,autumn,257
469,apartment,autumn,324
470,apartment,autumn,246
471,apartment,autumn,311
472,apartment,autumn,305
473,apartment,autumn,298
474,apartment,autumn,301
475,apartment,autumn,363
476,apartment,autumn,287
477,apartment,autumn,258
478,apartment,autumn,249
479,apartment,autumn,300
480,apartment,autumn,318
481,apartment,autumn,223
482,apartment,autumn,236
483,apartment,autumn,335
484,apartment,autumn,286
485,apartment,autumn,327
486,apartment,autumn,309
487,apartment,autumn,320
488,apartment,autumn,282
489,apartment,autumn,279
490,apartment,autumn,308
491,apartment,autumn,308
492,apartment,autumn,260
493,apartment,autumn,308
494,apartment,autumn,311
495,apartment,autumn,290
496,apartment,autumn,261
497,apartment,autumn,295
498,apartment,autumn,284
499,apartment,autumn,305
500,apartment,autumn,304
501,apartment,autumn,288
502,apartment,autumn,287
503,apartment,autumn,304
504,apartment,autumn,303
505,apartment,autumn,358
506,apartment,autumn,335
507,apartment,autumn,319
508,apartment,autumn,317
509,apartment,autumn,296
510,apartment,autumn,291
511,apartment,autumn,334
512,apartment,autumn,313
513,apartment,autumn,295
514,apartment,autumn,352
515,apartment,autumn,335
516,apartment,autumn,310
517,apartment,autumn,326
518,apartment,autumn,298
519,apartment,autumn,332
520,apartment,autumn,278
521,apartment,autumn,301
522,apartment,autumn,264
523,apartment,autumn,309
524,apartment,autumn,313
525,apartment,autumn,278
526,apartment,autumn,295
527,apartment,autumn,222
528,apartment,autumn,291
529,apartment,autumn,298
530,apartment,autumn,362
531,apartment,autumn,321
532,apartment,autumn,315
533,apartment,autumn,276
534,apartment,autumn,323
535,apartment,autumn,307
536,apartment,autumn,342
537,apartment,autumn,339
538,apartment,autumn,294
539,apartment,autumn,217
540,apartment,autumn,287
541,apartment,autumn,295
542,apartment,autumn,310
543,apartment,autumn,336
544,apartment,autumn,329
545,apartment,autumn,275
546,apartment,autumn,312
547,apartment,autumn,282
548,apartment,autumn,291
549,apartment,autumn,357
550,apartment,autumn,294
551,apartment,autumn,285
552,apartment,autumn,275
553,apartment,autumn,287
554,apartment,autumn,323
555,apartment,autumn,331
556,apartment,autumn,224
557,apartment,autumn,292
558,apartment,autumn,322
559,apartment,autumn,336
560,apartment,autumn,309
561,apartment,autumn,239
562,apartment,autumn,303
563,apartment,autumn,313
564,apartment,autumn,298
565,apartment,autumn,333
566,apartment,autumn,310
567,apartment,autumn,300
568,apartment,autumn,318
569,apartment,autumn,285
570,apartment,autumn,267
571,apartment,autumn,290
572,apartment,autumn,294
573,apartment,autumn,366
574,apartment,autumn,314
575,apartment,autumn,291
576,apartment,autumn,338
577,apartment,autumn,296
578,apartment,autumn,315
579,apartment,autumn,292
580,apartment,autumn,282
581,apartment,autumn,267
582,apartment,autumn,370
583,apartment,autumn,283
584,apartment,autumn,318
585,apartment,autumn,285
586,apartment,autumn,276
587,apartment,autumn,344
588,apartment,autumn,345
589,apartment,autumn,300
590,apartment,autumn,376
591,apartment,autumn,292
592,apartment,autumn,296
593,apartment,autumn,297
594,apartment,autumn,265
595,apartment,autumn,286
596,apartment,autumn,290
597,apartment,autumn,266
598,apartment,autumn,328
599,apartment,autumn,281
600,apartment,winter,170
601,apartment,winter,169
602,apartment,winter,194
603,apartment,winter,217
604,apartment,winter,198
605,apartment,winter,220
606,apartment,winter,218
607,apartment,winter,201
608,apartment,winter,213
609,apartment,winter,186
610,apartment,winter,226
611,apartment,winter,253
612,apartment,winter,213
613,apartment,winter,224
614,apartment,winter,203
615,apartment,winter,179
616,apartment,winter,198
617,apartment,winter,166
618,apartment,winter,222
619,apartment,winter,205
620,apartment,winter,200
621,apartment,winter,189
622,apartment,winter,183
623,apartment,winter,185
624,apartment,winter,213
625,apartment,winter,190
626,apartment,winter,147
627,apartment,winter,245
628,apartment,winter,207
629,apartment,winter,210
630,apartment,winter,198
631,apartment,winter,227
632,apartment,winter,188
633,apartment,winter,215
634,apartment,winter,199
635,apartment,winter,189
636,apartment,winter,161
637,apartment,winter,188
638,apartment,winter,202
639,apartment,winter,218
640,apartment,winter,178
641,apartment,winter,220
642,apartment,winter,208
643,apartment,winter,212
644,apartment,winter,169
645,apartment,winter,177
646,apartment,winter,188
647,apartment,winter,207
648,apartment,winter,218
649,apartment,winter,223
650,apartment,winter,201
651,apartment,winter,221
652,apartment,winter,199
653,apartment,winter,174
654,apartment,winter,194
655,apartment,winter,226
656,apartment,winter,220
657,apartment,winter,192
658,apartment,winter,185
659,apartment,winter,197
660,apartment,winter,178
661,apartment,winter,221
662,apartment,winter,168
663,apartment,winter,206
664,apartment,winter,167
665,apartment,winter,194
666,apartment,winter,208
667,apartment,winter,216
668,apartment,winter,212
669,apartment,winter,215
670,apartment,winter,209
671,apartment,winter,208
672,apartment,winter,192
673,apartment,winter,202
674,apartment,winter,198
675,apartment,winter,195
676,apartment,winter,185
677,apartment,winter,190
678,apartment,winter,185
679,apartment,winter,155
680,apartment,winter,206
681,apartment,winter,235
682,apartment,winter,153
683,apartment,winter,195
684,apartment,winter,191
685,apartment,winter,204
686,apartment,winter,202
687,apartment,winter,226
688,apartment,winter,173
689,apartment,winter,225
690,apartment,winter,198
691,apartment,winter,214
692,apartment,winter,178
693,apartment,winter,176
694,apartment,winter,231
695,apartment,winter,185
696,apartment,winter,171
697,apartment,winter,230
698,apartment,winter,214
699,apartment,winter,225
700,apartment,winter,196
701,apartment,winter,187
702,apartment,winter,192
703,apartment,winter,174
704,apartment,winter,210
705,apartment,winter,207
706,apartment,winter,201
707,apartment,winter,178
708,apartment,winter,199
709,apartment,winter,197
710,apartment,winter,178
711,apartment,winter,195
712,apartment,winter,207
713,apartment,winter,176
714,apartment,winter,186
715,apartment,winter,184
716,apartment,winter,158
717,apartment,winter,224
718,apartment,winter,194
719,apartment,winter,202
720,apartment,winter,209
721,apartment,winter,152
722,apartment,winter,205
723,apartment,winter,185
724,apartment,winter,202
725,apartment,winter,194
726,apartment,winter,228
727,apartment,winter,231
728,apartment,winter,185
729,apartment,winter,196
730,apartment,winter,202
731,apartment,winter,214
732,apartment,winter,211
733,apartment,winter,210
734,apartment,winter,218
735,apartment,winter,198
736,apartment,winter,163
737,apartment,winter,165
738,apartment,winter,202
739,apartment,winter,258
740,apartment,winter,219
741,apartment,winter,184
742,apartment,winter,223
743,apartment,winter,172
744,apartment,winter,193
745,apartment,winter,170
746,apartment,winter,188
747,apartment,winter,201
748,apartment,winter,204
749,apartment,winter,214
750,apartment,winter,178
751,apartment,winter,180
752,apartment,winter,184
753,apartment,winter,176
754,apartment,winter,211
755,apartment,winter,202
756,apartment,winter,183
757,apartment,winter,181
758,apartment,winter,209
759,apartment,winter,194
760,apartment,winter,243
761,apartment,winter,240
762,apartment,winter,207
763,apartment,winter,224
764,apartment,winter,185
765,apartment,winter,175
766,apartment,winter,204
767,apartment,winter,206
768,apartment,winter,197
769,apartment,winter,232
770,apartment,winter,203
771,apartment,winter,186
772,apartment,winter,228
773,apartment,winter,197
774,apartment,winter,212
775,apartment,winter,234
776,apartment,winter,204
777,apartment,winter,176
778,apartment,winter,209
779,apartment,winter,242
780,apartment,winter,192
781,apartment,winter,169
782,apartment,winter,164
783,apartment,winter,222
784,apartment,winter,189
785,apartment,winter,207
786,apartment,winter,143
787,apartment,winter,195
788,apartment,winter,209
789,apartment,winter,203
790,apartment,winter,171
791,apartment,winter,198
792,apartment,winter,183
793,apartment,winter,181
794,apartment,winter,200
795,apartment,winter,197
796,apartment,winter,178
797,apartment,winter,176
798,apartment,winter,203
799,apartment,winter,209
800,villa,summer,967
801,villa,summer,969
802,villa,summer,925
803,villa,summer,811
804,villa,summer,864
805,villa,summer,887
806,villa,summer,1157
807,villa,summer,950
808,villa,summer,1135
809,villa,summer,950
810,villa,summer,845
811,villa,summer,954
812,villa,summer,980
813,villa,summer,952
814,villa,summer,934
815,villa,summer,935
816,villa,summer,1083
817,villa,summer,868
818,villa,summer,1145
819,villa,summer,878
820,villa,summer,1090
821,villa,summer,941
822,villa,summer,913
823,villa,summer,796
824,villa,summer,938
825,villa,summer,843
826,villa,summer,1065
827,villa,summer,971
828,villa,summer,1035
829,villa,summer,839
830,villa,summer,997
831,villa,summer,970
832,villa,summer,898
833,villa,summer,1031
834,villa,summer,968
835,villa,summer,981
836,villa,summer,1022
837,villa,summer,1177
838,villa,summer,862
839,villa,summer,967
840,villa,summer,1022
841,villa,summer,844
842,villa,summer,876
843,villa,summer,750
844,villa,summer,1081
845,villa,summer,1053
846,villa,summer,873
847,villa,summer,947
848,villa,summer,853
849,villa,summer,945
850,villa,summer,766
851,villa,summer,1091
852,villa,summer,730
853,villa,summer,917
854,villa,summer,1071
855,villa,summer,804
856,villa,summer,1000
857,villa,summer,989
858,villa,summer,775
859,villa,summer,909
860,villa,summer,1052
861,villa,summer,883
862,villa,summer,802
863,villa,summer,933
864,villa,summer,834
865,villa,summer,1079
866,villa,summer,1068
867,villa,summer,980
868,villa,summer,958
869,villa,summer,921
870,villa,summer,1022
871,villa,summer,831
872,villa,summer,907
873,villa,summer,886
874,villa,summer,920
875,villa,summer,852
876,villa,summer,831
877,villa,summer,1088
878,villa,summer,1039
879,villa,summer,943
880,villa,summer,1061
881,villa,summer,1076
882,villa,summer,893
883,villa,summer,1017
884,villa,summer,1027
885,villa,summer,851
886,villa,summer,937
887,villa,summer,934
888,villa,summer,867
889,villa,summer,1119
890,villa,summer,1018
891,villa,summer,973
892,villa,summer,903
893,villa,summer,985
894,villa,summer,1072
895,villa,summer,906
896,villa,summer,929
897,villa,summer,1077
898,villa,summer,999
899,villa,summer,942
900,villa,summer,875
901,villa,summer,1014
902,villa,summer,945
903,villa,summer,944
904,villa,summer,829
905,villa,summer,888
906,villa,summer,951
907,villa,summer,1068
908,villa,summer,1029
909,villa,summer,935
910,villa,summer,994
911,villa,summer,1121
912,villa,summer,805
913,villa,summer,950
914,villa,summer,1017
915,villa,summer,979
916,villa,summer,885
917,villa,summer,927
918,villa,summer,939
919,villa,summer,1052
920,villa,summer,802
921,villa,summer,1214
922,villa,summer,990
923,villa,summer,895
924,villa,summer,964
925,villa,summer,1082
926,villa,summer,1010
927,villa,summer,848
928,villa,summer,1022
929,villa,summer,1027
930,villa,summer,1123
931,villa,summer,1100
932,villa,summer,829
933,villa,summer,1033
934,villa,summer,876
935,villa,summer,846
936,villa,summer,929
937,villa,summer,872
938,villa,summer,963
939,villa,summer,1092
940,villa,summer,911
941,villa,summer,839
942,villa,summer,910
943,villa,summer,894
944,villa,summer,908
945,villa,summer,873
946,villa,summer,980
947,villa,summer,924
948,villa,summer,1064
949,villa,summer,994
950,villa,summer,868
951,villa,summer,922
952,villa,summer,1016
953,villa,summer,866
954,villa,summer,865
955,villa,summer,963
956,villa,summer,1104
957,villa,summer,1017
958,villa,summer,1031
959,villa,summer,973
960,villa,summer,875
961,villa,summer,1045
962,villa,summer,829
963,villa,summer,1122
964,villa,summer,920
965,villa,summer,1073
966,villa,summer,832
967,villa,summer,1102
968,villa,summer,875
969,villa,summer,956
970,villa,summer,856
971,villa,summer,938
972,villa,summer,852
973,villa,summer,954
974,villa,summer,937
975,villa,summer,1020
976,villa,summer,965
977,villa,summer,1022
978,villa,summer,999
979,villa,summer,1030
980,villa,summer,1026
981,villa,summer,860
982,villa,summer,1014
983,villa,summer,1043
984,villa,summer,894
985,villa,summer,1086
986,villa,summer,1110
987,villa,summer,870
988,villa,summer,990
989,villa,summer,944
990,villa,summer,918
991,villa,summer,1025
992,villa,summer,904
993,villa,summer,769
994,villa,summer,951
995,villa,summer,1067
996,villa,summer,1099
997,villa,summer,853
998,villa,summer,819
999,villa,summer,850
1000,villa,spring,837
1001,villa,spring,905
1002,villa,spring,898
1003,villa,spring,856
1004,villa,spring,910
1005,villa,spring,794
1006,villa,spring,892
1007,villa,spring,808
1008,villa,spring,884
1009,villa,spring,802
1010,villa,spring,938
1011,villa,spring,944
1012,villa,spring,733
1013,villa,spring,931
1014,villa,spring,902
1015,villa,spring,1027
1016,villa,spring,884
1017,villa,spring,789
1018,villa,spring,806
1019,villa,spring,665
1020,villa,spring,910
1021,villa,spring,799
1022,villa,spring,852
1023,villa,spring,751
1024,villa,spring,901
1025,villa,spring,919
1026,villa,spring,993
1027,villa,spring,828
1028,villa,spring,826
1029,villa,spring,868
1030,villa,spring,746
1031,villa,spring,786
1032,villa,spring,677
1033,villa,spring,865
1034,villa,spring,864
1035,villa,spring,630
1036,villa,spring,842
1037,villa,spring,816
1038,villa,spring,750
1039,villa,spring,863
1040,villa,spring,821
1041,villa,spring,856
1042,villa,spring,919
1043,villa,spring,797
1044,villa,spring,858
1045,villa,spring,781
1046,villa,spring,797
1047,villa,spring,846
1048,villa,spring,996
1049,villa,spring,868
1050,villa,spring,730
1051,villa,spring,927
1052,villa,spring,790
1053,villa,spring,809
1054,villa,spring,770
1055,villa,spring,932
1056,villa,spring,816
1057,villa,spring,870
1058,villa,spring,856
1059,villa,spring,834
1060,villa,spring,788
1061,villa,spring,974
1062,villa,spring,943
1063,villa,spring,781
1064,villa,spring,909
1065,villa,spring,980
1066,villa,spring,925
1067,villa,spring,779
1068,villa,spring,837
1069,villa,spring,882
1070,villa,spring,948
1071,villa,spring,830
1072,villa,spring,868
1073,villa,spring,936
1074,villa,spring,782
1075,villa,spring,1025
1076,villa,spring,896
1077,villa,spring,732
1078,villa,spring,924
1079,villa,spring,892
1080,villa,spring,990
1081,villa,spring,959
1082,villa,spring,873
1083,villa,spring,953
1084,villa,spring,713
1085,villa,spring,857
1086,villa,spring,957
1087,villa,spring,865
1088,villa,spring,938
1089,villa,spring,686
1090,villa,spring,946
1091,villa,spring,859
1092,villa,spring,800
1093,villa,spring,768
1094,villa,spring,860
1095,villa,spring,783
1096,villa,spring,969
1097,villa,spring,797
1098,villa,spring,801
1099,villa,spring,865
1100,villa,spring,929
1101,villa,spring,802
1102,villa,spring,1002
1103,villa,spring,946
1104,villa,spring,838
1105,villa,spring,736
1106,villa,spring,814
1107,villa,spring,714
1108,villa,spring,883
1109,villa,spring,834
1110,villa,spring,894
1111,villa,spring,887
1112,villa,spring,822
1113,villa,spring,928
1114,villa,spring,917
1115,villa,spring,857
1116,villa,spring,899
1117,villa,spring,744
1118,villa,spring,869
1119,villa,spring,856
1120,villa,spring,898
1121,villa,spring,758
1122,villa,spring,848
1123,villa,spring,894
1124,villa,spring,764
1125,villa,spring,913
1126,villa,spring,805
1127,villa,spring,892
1128,villa,spring,882
1129,villa,spring,810
1130,villa,spring,939
1131,villa,spring,791
1132,villa,spring,865
1133,villa,spring,835
1134,villa,spring,907
1135,villa,spring,711
1136,villa,spring,836
1137,villa,spring,890
1138,villa,spring,809
1139,villa,spring,792
1140,villa,spring,782
1141,villa,spring,953
1142,villa,spring,712
1143,villa,spring,846
1144,villa,spring,712
1145,villa,spring,712
1146,villa,spring,859
1147,villa,spring,643
1148,villa,spring,922
1149,villa,spring,827
1150,villa,spring,844
1151,villa,spring,724
1152,villa,spring,983
1153,villa,spring,829
1154,villa,spring,847
1155,villa,spring,1000
1156,villa,spring,750
1157,villa,spring,1005
1158,villa,spring,873
1159,villa,spring,813
1160,villa,spring,767
1161,villa,spring,784
1162,villa,spring,855
1163,villa,spring,839
1164,villa,spring,893
1165,villa,spring,792
1166,villa,spring,991
1167,villa,spring,953
1168,villa,spring,853
1169,villa,spring,790
1170,villa,spring,857
1171,villa,spring,889
1172,villa,spring,838
1173,villa,spring,709
1174,villa,spring,877
1175,villa,spring,715
1176,villa,spring,908
1177,villa,spring,761
1178,villa,spring,724
1179,villa,spring,931
1180,villa,spring,1002
1181,villa,spring,965
1182,villa,spring,864
1183,villa,spring,778
1184,villa,spring,930
1185,villa,spring,807
1186,villa,spring,818
1187,villa,spring,746
1188,villa,spring,652
1189,villa,spring,768
1190,villa,spring,744
1191,villa,spring,888
1192,villa,spring,1010
1193,villa,spring,963
1194,villa,spring,879
1195,villa,spring,783
1196,villa,spring,731
1197,villa,spring,870
1198,villa,spring,776
1199,villa,spring,929
1200,villa,autumn,687
1201,villa,autumn,660
1202,villa,autumn,542
1203,villa,autumn,943
1204,villa,autumn,703
1205,villa,autumn,918
1206,villa,autumn,744
1207,villa,autumn,761
1208,villa,autumn,740
1209,villa,autumn,738
1210,villa,autumn,735
1211,villa,autumn,758
1212,villa,autumn,769
1213,villa,autumn,806
1214,villa,autumn,733
1215,villa,autumn,724
1216,villa,autumn,793
1217,villa,autumn,790
1218,villa,autumn,742
1219,villa,autumn,668
1220,villa,autumn,745
1221,villa,autumn,737
1222,villa,autumn,880
1223,villa,autumn,678
1224,villa,autumn,748
1225,villa,autumn,871
1226,villa,autumn,755
1227,villa,autumn,700
1228,villa,autumn,694
1229,villa,autumn,793
1230,villa,autumn,917
1231,villa,autumn,671
1232,villa,autumn,847
1233,villa,autumn,903
1234,villa,autumn,711
1235,villa,autumn,742
1236,villa,autumn,744
1237,villa,autumn,709
1238,villa,autumn,731
1239,villa,autumn,859
1240,villa,autumn,687
1241,villa,autumn,788
1242,villa,autumn,713
1243,villa,autumn,661
1244,villa,autumn,623
1245,villa,autumn,813
1246,villa,autumn,734
1247,villa,autumn,760
1248,villa,autumn,608
1249,villa,autumn,807
1250,villa,autumn,779
1251,villa,autumn,732
1252,villa,autumn,748
1253,villa,autumn,708
1254,villa,autumn,740
1255,villa,autumn,760
1256,villa,autumn,762
1257,villa,autumn,794
1258,villa,autumn,728
1259,villa,autumn,734
1260,villa,autumn,602
1261,villa,autumn,856
1262,villa,autumn,733
1263,villa,autumn,761
1264,villa,autumn,592
1265,villa,autumn,664
1266,villa,autumn,923
1267,villa,autumn,871
1268,villa,autumn,736
1269,villa,autumn,726
1270,villa,autumn,846
1271,villa,autumn,775
1272,villa,autumn,769
1273,villa,autumn,802
1274,villa,autumn,800
1275,villa,autumn,639
1276,villa,autumn,660
1277,villa,autumn,612
1278,villa,autumn,774
1279,villa,autumn,808
1280,villa,autumn,877
1281,villa,autumn,855
1282,villa,autumn,765
1283,villa,autumn,808
1284,villa,autumn,722
1285,villa,autumn,768
1286,villa,autumn,676
1287,villa,autumn,764
1288,villa,autumn,719
1289,villa,autumn,644
1290,villa,autumn,822
1291,villa,autumn,753
1292,villa,autumn,752
1293,villa,autumn,799
1294,villa,autumn,784
1295,villa,autumn,772
1296,villa,autumn,771
1297,villa,autumn,880
1298,villa,autumn,603
1299,villa,autumn,748
1300,villa,autumn,695
1301,villa,autumn,675
1302,villa,autumn,827
1303,villa,autumn,854
1304,villa,autumn,880
1305,villa,autumn,701
1306,villa,autumn,673
1307,villa,autumn,779
1308,villa,autumn,563
1309,villa,autumn,645
1310,villa,autumn,745
1311,villa,autumn,739
1312,villa,autumn,840
1313,villa,autumn,927
1314,villa,autumn,754
1315,villa,autumn,795
1316,villa,autumn,843
1317,villa,autumn,651
1318,villa,autumn,720
1319,villa,autumn,710
1320,villa,autumn,789
1321,villa,autumn,702
1322,villa,autumn,723
1323,villa,autumn,760
1324,villa,autumn,799
1325,villa,autumn,886
1326,villa,autumn,777
1327,villa,autumn,776
1328,villa,autumn,811
1329,villa,autumn,806
1330,villa,autumn,766
1331,villa,autumn,748
1332,villa,autumn,736
1333,villa,autumn,713
1334,villa,autumn,804
1335,villa,autumn,667
1336,villa,autumn,825
1337,villa,autumn,699
1338,villa,autumn,643
1339,villa,autumn,591
1340,villa,autumn,701
1341,villa,autumn,815
1342,villa,autumn,610
1343,villa,autumn,662
1344,villa,autumn,704
1345,villa,autumn,853
1346,villa,autumn,690
1347,villa,autumn,701
1348,villa,autumn,780
1349,villa,autumn,760
1350,villa,autumn,784
1351,villa,autumn,643
1352,villa,autumn,807
1353,villa,autumn,673
1354,villa,autumn,747
1355,villa,autumn,604
1356,villa,autumn,852
1357,villa,autumn,724
1358,villa,autumn,746
1359,villa,autumn,741
1360,villa,autumn,652
1361,villa,autumn,719
1362,villa,autumn,609
1363,villa,autumn,628
1364,villa,autumn,787
1365,villa,autumn,630
1366,villa,autumn,722
1367,villa,autumn,815
1368,villa,autumn,747
1369,villa,autumn,816
1370,villa,autumn,707
1371,villa,autumn,776
1372,villa,autumn,822
1373,villa,autumn,788
1374,villa,autumn,692
1375,villa,autumn,849
1376,villa,autumn,868
1377,villa,autumn,832
1378,villa,autumn,768
1379,villa,autumn,681
1380,villa,autumn,852
1381,villa,autumn,801
1382,villa,autumn,716
1383,villa,autumn,574
1384,villa,autumn,781
1385,villa,autumn,788
1386,villa,autumn,829
1387,villa,autumn,810
1388,villa,autumn,700
1389,villa,autumn,619
1390,villa,autumn,750
1391,villa,autumn,816
1392,villa,autumn,702
1393,villa,autumn,821
1394,villa,autumn,756
1395,villa,autumn,829
1396,villa,autumn,789
1397,villa,autumn,767
1398,villa,autumn,731
1399,villa,autumn,812
1400,villa,winter,754
1401,villa,winter,579
1402,villa,winter,725
1403,villa,winter,670
1404,villa,winter,742
1405,villa,winter,668
1406,villa,winter,653
1407,villa,winter,708
1408,villa,winter,621
1409,villa,winter,713
1410,villa,winter,731
1411,villa,winter,681
1412,villa,winter,640
1413,villa,winter,666
1414,villa,winter,632
1415,villa,winter,609
1416,villa,winter,657
1417,villa,winter,788
1418,villa,winter,676
1419,villa,winter,635
1420,villa,winter,606
1421,villa,winter,678
1422,villa,winter,673
1423,villa,winter,559
1424,villa,winter,598
1425,villa,winter,619
1426,villa,winter,699
1427,villa,winter,607
1428,villa,winter,523
1429,villa,winter,674
1430,villa,winter,632
1431,villa,winter,687
1432,villa,winter,553
1433,villa,winter,685
1434,villa,winter,765
1435,villa,winter,602
1436,villa,winter,657
1437,villa,winter,657
1438,villa,winter,541
1439,villa,winter,775
1440,villa,winter,518
1441,villa,winter,600
1442,villa,winter,544
1443,villa,winter,708
1444,villa,winter,619
1445,villa,winter,833
1446,villa,winter,685
1447,villa,winter,538
1448,villa,winter,605
1449,villa,winter,810
1450,villa,winter,578
1451,villa,winter,682
1452,villa,winter,674
1453,villa,winter,557
1454,villa,winter,637
1455,villa,winter,628
1456,villa,winter,634
1457,villa,winter,639
1458,villa,winter,697
1459,villa,winter,668
1460,villa,winter,667
1461,villa,winter,645
1462,villa,winter,669
1463,villa,winter,674
1464,villa,winter,648
1465,villa,winter,684
1466,villa,winter,682
1467,villa,winter,611
1468,villa,winter,686
1469,villa,winter,844
1470,villa,winter,661
1471,villa,winter,552
1472,villa,winter,733
1473,villa,winter,767
1474,villa,winter,538
1475,villa,winter,630
1476,villa,winter,648
1477,villa,winter,720
1478,villa,winter,702
1479,villa,winter,650
1480,villa,winter,621
1481,villa,winter,636
1482,villa,winter,755
1483,villa,winter,591
1484,villa,winter,676
1485,villa,winter,673
1486,villa,winter,733
1487,villa,winter,627
1488,villa,winter,714
1489,villa,winter,589
1490,villa,winter,614
1491,villa,winter,806
1492,villa,winter,671
1493,villa,winter,666
1494,villa,winter,702
1495,villa,winter,608
1496,villa,winter,573
1497,villa,winter,645
1498,villa,winter,707
1499,villa,winter,633
1500,villa,winter,595
1501,villa,winter,708
1502,villa,winter,559
1503,villa,winter,687
1504,villa,winter,661
1505,villa,winter,677
1506,villa,winter,611
1507,villa,winter,683
1508,villa,winter,619
1509,villa,winter,584
1510,villa,winter,663
1511,villa,winter,528
1512,villa,winter,542
1513,villa,winter,557
1514,villa,winter,768
1515,villa,winter,638
1516,villa,winter,751
1517,villa,winter,572
1518,villa,winter,742
1519,villa,winter,752
1520,villa,winter,695
1521,villa,winter,607
1522,villa,winter,676
1523,villa,winter,718
1524,villa,winter,624
1525,villa,winter,560
1526,villa,winter,678
1527,villa,winter,870
1528,villa,winter,657
1529,villa,winter,660
1530,villa,winter,562
1531,villa,winter,733
1532,villa,winter,630
1533,villa,winter,734
1534,villa,winter,645
1535,villa,winter,673
1536,villa,winter,682
1537,villa,winter,733
1538,villa,winter,747
1539,villa,winter,693
1540,villa,winter,571
1541,villa,winter,563
1542,villa,winter,693
1543,villa,winter,650
1544,villa,winter,682
1545,villa,winter,694
1546,villa,winter,636
1547,villa,winter,577
1548,villa,winter,649
1549,villa,winter,694
1550,villa,winter,700
1551,villa,winter,710
1552,villa,winter,652
1553,villa,winter,655
1554,villa,winter,669
1555,villa,winter,608
1556,villa,winter,747
1557,villa,winter,697
1558,villa,winter,649
1559,villa,winter,731
1560,villa,winter,683
1561,villa,winter,563
1562,villa,winter,574
1563,villa,winter,568
1564,villa,winter,557
1565,villa,winter,534
1566,villa,winter,703
1567,villa,winter,804
1568,villa,winter,655
1569,villa,winter,675
1570,villa,winter,673
1571,villa,winter,655
1572,villa,winter,749
1573,villa,winter,607
1574,villa,winter,701
1575,villa,winter,762
1576,villa,winter,671
1577,villa,winter,556
1578,villa,winter,659
1579,villa,winter,717
1580,villa,winter,614
1581,villa,winter,669
1582,villa,winter,654
1583,villa,winter,648
1584,villa,winter,669
1585,villa,winter,646
1586,villa,winter,660
1587,villa,winter,710
1588,villa,winter,706
1589,villa,winter,595
1590,villa,winter,681
1591,villa,winter,712
1592,villa,winter,634
1593,villa,winter,663
1594,villa,winter,761
1595,villa,winter,716
1596,villa,winter,615
1597,villa,winter,625
1598,villa,winter,661
1599,villa,winter,629
1600,comercial,summer,1525
1601,comercial,summer,1211
1602,comercial,summer,1374
1603,comercial,summer,1390
1604,comercial,summer,1849
1605,comercial,summer,1315
1606,comercial,summer,1448
1607,comercial,summer,1392
1608,comercial,summer,1572
1609,comercial,summer,1651
1610,comercial,summer,1368
1611,comercial,summer,1536
1612,comercial,summer,1574
1613,comercial,summer,1199
1614,comercial,summer,1199
1615,comercial,summer,1520
1616,comercial,summer,1225
1617,comercial,summer,1437
1618,comercial,summer,1669
1619,comercial,summer,1538
1620,comercial,summer,1129
1621,comercial,summer,1688
1622,comercial,summer,1832
1623,comercial,summer,1534
1624,comercial,summer,1392
1625,comercial,summer,1626
1626,comercial,summer,1206
1627,comercial,summer,1685
1628,comercial,summer,1539
1629,comercial,summer,1384
1630,comercial,summer,1408
1631,comercial,summer,1667
1632,comercial,summer,1493
1633,comercial,summer,1396
1634,comercial,summer,1612
1635,comercial,summer,1474
1636,comercial,summer,1831
1637,comercial,summer,1508
1638,comercial,summer,1491
1639,comercial,summer,1563
1640,comercial,summer,1272
1641,comercial,summer,1365
1642,comercial,summer,1524
1643,comercial,summer,1314
1644,comercial,summer,1494
1645,comercial,summer,1778
1646,comercial,summer,1603
1647,comercial,summer,1646
1648,comercial,summer,1268
1649,comercial,summer,1521
1650,comercial,summer,1808
1651,comercial,summer,1668
1652,comercial,summer,1380
1653,comercial,summer,1697
1654,comercial,summer,1763
1655,comercial,summer,1683
1656,comercial,summer,1303
1657,comercial,summer,1342
1658,comercial,summer,1586
1659,comercial,summer,1695
1660,comercial,summer,1613
1661,comercial,summer,1547
1662,comercial,summer,1415
1663,comercial,summer,1706
1664,comercial,summer,1590
1665,comercial,summer,1544
1666,comercial,summer,1149
1667,comercial,summer,1636
1668,comercial,summer,1423
1669,comercial,summer,1635
1670,comercial,summer,1713
1671,comercial,summer,1775
1672,comercial,summer,1112
1673,comercial,summer,1706
1674,comercial,summer,1626
1675,comercial,summer,1506
1676,comercial,summer,1489
1677,comercial,summer,1693
1678,comercial,summer,1444
1679,comercial,summer,1637
1680,comercial,summer,1359
1681,comercial,summer,1436
1682,comercial,summer,1697
1683,comercial,summer,1510
1684,comercial,summer,1304
1685,comercial,summer,1331
1686,comercial,summer,1534
1687,comercial,summer,1711
1688,comercial,summer,1138
1689,comercial,summer,1328
1690,comercial,summer,1419
1691,comercial,summer,1555
1692,comercial,summer,1560
1693,comercial,summer,1382
1694,comercial,summer,1518
1695,comercial,summer,1508
1696,comercial,summer,1299
1697,comercial,summer,1342
1698,comercial,summer,1574
1699,comercial,summer,1273
1700,comercial,summer,1633
1701,comercial,summer,1443
1702,comercial,summer,1577
1703,comercial,summer,1379
1704,comercial,summer,1303
1705,comercial,summer,1171
1706,comercial,summer,1250
1707,comercial,summer,1538
1708,comercial,summer,1441
1709,comercial,summer,1234
1710,comercial,summer,1562
1711,comercial,summer,1551
1712,comercial,summer,1334
1713,comercial,summer,1328
1714,comercial,summer,1530
1715,comercial,summer,1550
1716,comercial,summer,1794
1717,comercial,summer,1373
1718,comercial,summer,1714
1719,comercial,summer,1575
1720,comercial,summer,1747
1721,comercial,summer,1394
1722,comercial,summer,1362
1723,comercial,summer,1513
1724,comercial,summer,1665
1725,comercial,summer,1428
1726,comercial,summer,1322
1727,comercial,summer,1289
1728,comercial,summer,1431
1729,comercial,summer,1553
1730,comercial,summer,1301
1731,comercial,summer,1560
1732,comercial,summer,1429
1733,comercial,summer,1519
1734,comercial,summer,1427
1735,comercial,summer,1753
1736,comercial,summer,1621
1737,comercial,summer,1759
1738,comercial,summer,1639
1739,comercial,summer,1688
1740,comercial,summer,1348
1741,comercial,summer,1651
1742,comercial,summer,1564
1743,comercial,summer,1552
1744,comercial,summer,1441
1745,comercial,summer,1505
1746,comercial,summer,1355
1747,comercial,summer,1597
1748,comercial,summer,1396
1749,comercial,summer,1514
1750,comercial,summer,1619
1751,comercial,summer,1254
1752,comercial,summer,1506
1753,comercial,summer,1597
1754,comercial,summer,1785
1755,comercial,summer,1537
1756,comercial,summer,1342
1757,comercial,summer,1776
1758,comercial,summer,1323
1759,comercial,summer,1532
1760,comercial,summer,1665
1761,comercial,summer,1578
1762,comercial,summer,1407
1763,comercial,summer,1246
1764,comercial,summer,1230
1765,comercial,summer,1385
1766,comercial,summer,1617
1767,comercial,summer,1411
1768,comercial,summer,1574
1769,comercial,summer,1584
1770,comercial,summer,1516
1771,comercial,summer,1490
1772,comercial,summer,1726
1773,comercial,summer,1400
1774,comercial,summer,1490
1775,comercial,summer,1617
1776,comercial,summer,1691
1777,comercial,summer,1755
1778,comercial,summer,1623
1779,comercial,summer,1508
1780,comercial,summer,1602
1781,comercial,summer,1720
1782,comercial,summer,1617
1783,comercial,summer,1701
1784,comercial,summer,1619
1785,comercial,summer,1559
1786,comercial,summer,1612
1787,comercial,summer,1020
1788,comercial,summer,1556
1789,comercial,summer,1509
1790,comercial,summer,1500
1791,comercial,summer,1637
1792,comercial,summer,1360
1793,comercial,summer,1676
1794,comercial,summer,1302
1795,comercial,summer,1411
1796,comercial,summer,1653
1797,comercial,summer,1659
1798,comercial,summer,1284
1799,comercial,summer,1337
1800,comercial,spring,1163
1801,comercial,spring,1329
1802,comercial,spring,1211
1803,comercial,spring,1176
1804,comercial,spring,1334
1805,comercial,spring,1493
1806,comercial,spring,1491
1807,comercial,spring,1242
1808,comercial,spring,1587
1809,comercial,spring,1478
1810,comercial,spring,1110
1811,comercial,spring,1313
1812,comercial,spring,1234
1813,comercial,spring,1241
1814,comercial,spring,1312
1815,comercial,spring,1159
1816,comercial,spring,1412
1817,comercial,spring,1262
1818,comercial,spring,1400
1819,comercial,spring,1358
1820,comercial,spring,1502
1821,comercial,spring,1440
1822,comercial,spring,1301
1823,comercial,spring,1212
1824,comercial,spring,1164
1825,comercial,spring,1385
1826,comercial,spring,1435
1827,comercial,spring,1361
1828,comercial,spring,1072
1829,comercial,spring,1319
1830,comercial,spring,1517
1831,comercial,spring,1342
1832,comercial,spring,1339
1833,comercial,spring,1356
1834,comercial,spring,1269
1835,comercial,spring,1342
1836,comercial,spring,1474
1837,comercial,spring,1589
1838,comercial,spring,1403
1839,comercial,spring,1169
1840,comercial,spring,1212
1841,comercial,spring,1191
1842,comercial,spring,1500
1843,comercial,spring,1298
1844,comercial,spring,1237
1845,comercial,spring,1674
1846,comercial,spring,1231
1847,comercial,spring,1157
1848,comercial,spring,1460
1849,comercial,spring,1479
1850,comercial,spring,1324
1851,comercial,spring,1324
1852,comercial,spring,1477
1853,comercial,spring,1082
1854,comercial,spring,1476
1855,comercial,spring,1356
1856,comercial,spring,1383
1857,comercial,spring,1218
1858,comercial,spring,1180
1859,comercial,spring,1263
1860,comercial,spring,1496
1861,comercial,spring,1280
1862,comercial,spring,1261
1863,comercial,spring,1156
1864,comercial,spring,1347
1865,comercial,spring,1267
1866,comercial,spring,1426
1867,comercial,spring,1385
1868,comercial,spring,1316
1869,comercial,spring,1421
1870,comercial,spring,1398
1871,comercial,spring,1081
1872,comercial,spring,1298
1873,comercial,spring,1203
1874,comercial,spring,1465
1875,comercial,spring,1378
1876,comercial,spring,1318
1877,comercial,spring,1249
1878,comercial,spring,1240
1879,comercial,spring,1287
1880,comercial,spring,1094
1881,comercial,spring,1153
1882,comercial,spring,1159
1883,comercial,spring,1381
1884,comercial,spring,1311
1885,comercial,spring,1271
1886,comercial,spring,1424
1887,comercial,spring,1126
1888,comercial,spring,1431
1889,comercial,spring,1506
1890,comercial,spring,1338
1891,comercial,spring,1253
1892,comercial,spring,1146
1893,comercial,spring,1373
1894,comercial,spring,1367
1895,comercial,spring,1397
1896,comercial,spring,1487
1897,comercial,spring,1050
1898,comercial,spring,1454
1899,comercial,spring,1204
1900,comercial,spring,1451
1901,comercial,spring,1335
1902,comercial,spring,1223
1903,comercial,spring,1267
1904,comercial,spring,1329
1905,comercial,spring,1555
1906,comercial,spring,1304
1907,comercial,spring,1270
1908,comercial,spring,1372
1909,comercial,spring,1237
1910,comercial,spring,1058
1911,comercial,spring,1216
1912,comercial,spring,1230
1913,comercial,spring,1182
1914,comercial,spring,1382
1915,comercial,spring,1301
1916,comercial,spring,1300
1917,comercial,spring,1455
1918,comercial,spring,1228
1919,comercial,spring,1387
1920,comercial,spring,1347
1921,comercial,spring,1135
1922,comercial,spring,1361
1923,comercial,spring,1466
1924,comercial,spring,1202
1925,comercial,spring,1305
1926,comercial,spring,1295
1927,comercial,spring,1322
1928,comercial,spring,1424
1929,comercial,spring,1304
1930,comercial,spring,1260
1931,comercial,spring,1176
1932,comercial,spring,1367
1933,comercial,spring,1272
1934,comercial,spring,1481
1935,comercial,spring,1151
1936,comercial,spring,1369
1937,comercial,spring,1023
1938,comercial,spring,1070
1939,comercial,spring,1205
1940,comercial,spring,1240
1941,comercial,spring,1537
1942,comercial,spring,1275
1943,comercial,spring,1223
1944,comercial,spring,1151
1945,comercial,spring,1498
1946,comercial,spring,1422
1947,comercial,spring,1568
1948,comercial,spring,1287
1949,comercial,spring,1206
1950,comercial,spring,1407
1951,comercial,spring,1217
1952,comercial,spring,1624
1953,comercial,spring,1365
1954,comercial,spring,1323
1955,comercial,spring,1599
1956,comercial,spring,1270
1957,comercial,spring,1033
1958,comercial,spring,1298
1959,comercial,spring,1247
1960,comercial,spring,1249
1961,comercial,spring,1296
1962,comercial,spring,1392
1963,comercial,spring,1063
1964,comercial,spring,1452
1965,comercial,spring,1507
1966,comercial,spring,1277
1967,comercial,spring,1433
1968,comercial,spring,1389
1969,comercial,spring,1475
1970,comercial,spring,1398
1971,comercial,spring,1228
1972,comercial,spring,1375
1973,comercial,spring,1382
1974,comercial,spring,1357
1975,comercial,spring,1519
1976,comercial,spring,1201
1977,comercial,spring,1361
1978,comercial,spring,1295
1979,comercial,spring,1620
1980,comercial,spring,1119
1981,comercial,spring,1373
1982,comercial,spring,1371
1983,comercial,spring,1391
1984,comercial,spring,1173
1985,comercial,spring,1188
1986,comercial,spring,1152
1987,comercial,spring,1277
1988,comercial,spring,1099
1989,comercial,spring,1177
1990,comercial,spring,1211
1991,comercial,spring,1286
1992,comercial,spring,1274
1993,comercial,spring,1228
1994,comercial,spring,1169
1995,comercial,spring,1362
1996,comercial,spring,1028
1997,comercial,spring,1108
1998,comercial,spring,913
1999,comercial,spring,1473
2000,comercial,autumn,1197
2001,comercial,autumn,1077
2002,comercial,autumn,1129
2003,comercial,autumn,968
2004,comercial,autumn,973
2005,comercial,autumn,1192
2006,comercial,autumn,999
2007,comercial,autumn,1003
2008,comercial,autumn,991
2009,comercial,autumn,1217
2010,comercial,autumn,1197
2011,comercial,autumn,997
2012,comercial,autumn,1130
2013,comercial,autumn,1258
2014,comercial,autumn,1130
2015,comercial,autumn,926
2016,comercial,autumn,1272
2017,comercial,autumn,1263
2018,comercial,autumn,1115
2019,comercial,autumn,1019
2020,comercial,autumn,1091
2021,comercial,autumn,1185
2022,comercial,autumn,1064
2023,comercial,autumn,1162
2024,comercial,autumn,1189
2025,comercial,autumn,1270
2026,comercial,autumn,995
2027,comercial,autumn,1013
2028,comercial,autumn,1016
2029,comercial,autumn,1226
2030,comercial,autumn,1166
2031,comercial,autumn,854
2032,comercial,autumn,1037
2033,comercial,autumn,996
2034,comercial,autumn,1087
2035,comercial,autumn,1174
2036,comercial,autumn,1198
2037,comercial,autumn,804
2038,comercial,autumn,1202
2039,comercial,autumn,1184
2040,comercial,autumn,1336
2041,comercial,autumn,1098
2042,comercial,autumn,1165
2043,comercial,autumn,1061
2044,comercial,autumn,995
2045,comercial,autumn,1112
2046,comercial,autumn,1266
2047,comercial,autumn,1034
2048,comercial,autumn,967
2049,comercial,autumn,997
2050,comercial,autumn,966
2051,comercial,autumn,952
2052,comercial,autumn,1148
2053,comercial,autumn,1112
2054,comercial,autumn,1059
2055,comercial,autumn,1128
2056,comercial,autumn,1083
2057,comercial,autumn,1016
2058,comercial,autumn,1113
2059,comercial,autumn,1117
2060,comercial,autumn,898
2061,comercial,autumn,1164
2062,comercial,autumn,999
2063,comercial,autumn,1190
2064,comercial,autumn,1166
2065,comercial,autumn,1104
2066,comercial,autumn,1254
2067,comercial,autumn,1254
2068,comercial,autumn,1030
2069,comercial,autumn,1014
2070,comercial,autumn,1097
2071,comercial,autumn,1209
2072,comercial,autumn,1161
2073,comercial,autumn,994
2074,comercial,autumn,1280
2075,comercial,autumn,1379
2076,comercial,autumn,1147
2077,comercial,autumn,1126
2078,comercial,autumn,1171
2079,comercial,autumn,1277
2080,comercial,autumn,1133
2081,comercial,autumn,1056
2082,comercial,autumn,1159
2083,comercial,autumn,952
2084,comercial,autumn,1188
2085,comercial,autumn,1023
2086,comercial,autumn,1002
2087,comercial,autumn,1213
2088,comercial,autumn,1270
2089,comercial,autumn,1162
2090,comercial,autumn,855
2091,comercial,autumn,1015
2092,comercial,autumn,1088
2093,comercial,autumn,1050
2094,comercial,autumn,994
2095,comercial,autumn,949
2096,comercial,autumn,1026
2097,comercial,autumn,973
2098,comercial,autumn,977
2099,comercial,autumn,1160
2100,comercial,autumn,1076
2101,comercial,autumn,942
2102,comercial,autumn,1119
2103,comercial,autumn,994
2104,comercial,autumn,1192
2105,comercial,autumn,1188
2106,comercial,autumn,1316
2107,comercial,autumn,1153
2108,comercial,autumn,1121
2109,comercial,autumn,908
2110,comercial,autumn,1142
2111,comercial,autumn,1148
2112,comercial,autumn,1157
2113,comercial,autumn,1075
2114,comercial,autumn,991
2115,comercial,autumn,1003
2116,comercial,autumn,1125
2117,comercial,autumn,1176
2118,comercial,autumn,956
2119,comercial,autumn,964
2120,comercial,autumn,1168
2121,comercial,autumn,1083
2122,comercial,autumn,1218
2123,comercial,autumn,1212
2124,comercial,autumn,1292
2125,comercial,autumn,1217
2126,comercial,autumn,984
2127,comercial,autumn,907
2128,comercial,autumn,1035
2129,comercial,autumn,1226
2130,comercial,autumn,969
2131,comercial,autumn,1042
2132,comercial,autumn,1131
2133,comercial,autumn,1118
2134,comercial,autumn,988
2135,comercial,autumn,1050
2136,comercial,autumn,1222
2137,comercial,autumn,1012
2138,comercial,autumn,1023
2139,comercial,autumn,985
2140,comercial,autumn,1068
2141,comercial,autumn,1118
2142,comercial,autumn,1221
2143,comercial,autumn,1233
2144,comercial,autumn,1223
2145,comercial,autumn,1204
2146,comercial,autumn,1109
2147,comercial,autumn,1060
2148,comercial,autumn,1273
2149,comercial,autumn,1281
2150,comercial,autumn,1060
2151,comercial,autumn,1080
2152,comercial,autumn,1022
2153,comercial,autumn,1194
2154,comercial,autumn,1111
2155,comercial,autumn,790
2156,comercial,autumn,1229
2157,comercial,autumn,1320
2158,comercial,autumn,1157
2159,comercial,autumn,1019
2160,comercial,autumn,1149
2161,comercial,autumn,873
2162,comercial,autumn,1093
2163,comercial,autumn,1279
2164,comercial,autumn,1063
2165,comercial,autumn,1076
2166,comercial,autumn,1069
2167,comercial,autumn,1146
2168,comercial,autumn,1102
2169,comercial,autumn,1078
2170,comercial,autumn,1171
2171,comercial,autumn,946
2172,comercial,autumn,1126
2173,comercial,autumn,1189
2174,comercial,autumn,1052
2175,comercial,autumn,1089
2176,comercial,autumn,1076
2177,comercial,autumn,1247
2178,comercial,autumn,1063
2179,comercial,autumn,1125
2180,comercial,autumn,988
2181,comercial,autumn,1062
2182,comercial,autumn,1137
2183,comercial,autumn,975
2184,comercial,autumn,988
2185,comercial,autumn,985
2186,comercial,autumn,973
2187,comercial,autumn,1165
2188,comercial,autumn,1053
2189,comercial,autumn,1125
2190,comercial,autumn,1119
2191,comercial,autumn,1019
2192,comercial,autumn,1266
2193,comercial,autumn,1147
2194,comercial,autumn,1010
2195,comercial,autumn,1150
2196,comercial,autumn,1157
2197,comercial,autumn,1258
2198,comercial,autumn,1091
2199,comercial,autumn,1035
2200,comercial,winter,1004
2201,comercial,winter,860
2202,comercial,winter,969
2203,comercial,winter,855
2204,comercial,winter,790
2205,comercial,winter,844
2206,comercial,winter,997
2207,comercial,winter,942
2208,comercial,winter,833
2209,comercial,winter,757
2210,comercial,winter,1040
2211,comercial,winter,911
2212,comercial,winter,980
2213,comercial,winter,956
2214,comercial,winter,949
2215,comercial,winter,895
2216,comercial,winter,900
2217,comercial,winter,905
2218,comercial,winter,828
2219,comercial,winter,1023
2220,comercial,winter,757
2221,comercial,winter,815
2222,comercial,winter,964
2223,comercial,winter,989
2224,comercial,winter,861
2225,comercial,winter,968
2226,comercial,winter,998
2227,comercial,winter,935
2228,comercial,winter,936
2229,comercial,winter,950
2230,comercial,winter,823
2231,comercial,winter,957
2232,comercial,winter,814
2233,comercial,winter,821
2234,comercial,winter,952
2235,comercial,winter,847
2236,comercial,winter,774
2237,comercial,winter,1005
2238,comercial,winter,941
2239,comercial,winter,851
2240,comercial,winter,890
2241,comercial,winter,868
2242,comercial,winter,886
2243,comercial,winter,897
2244,comercial,winter,936
2245,comercial,winter,1113
2246,comercial,winter,935
2247,comercial,winter,846
2248,comercial,winter,800
2249,comercial,winter,848
2250,comercial,winter,905
2251,comercial,winter,853
2252,comercial,winter,953
2253,comercial,winter,845
2254,comercial,winter,895
2255,comercial,winter,983
2256,comercial,winter,988
2257,comercial,winter,842
2258,comercial,winter,834
2259,comercial,winter,880
2260,comercial,winter,1020
2261,comercial,winter,900
2262,comercial,winter,837
2263,comercial,winter,875
2264,comercial,winter,1065
2265,comercial,winter,861
2266,comercial,winter,920
2267,comercial,winter,781
2268,comercial,winter,842
2269,comercial,winter,910
2270,comercial,winter,976
2271,comercial,winter,1004
2272,comercial,winter,754
2273,comercial,winter,856
2274,comercial,winter,958
2275,comercial,winter,974
2276,comercial,winter,951
2277,comercial,winter,859
2278,comercial,winter,894
2279,comercial,winter,992
2280,comercial,winter,948
2281,comercial,winter,1002
2282,comercial,winter,952
2283,comercial,winter,893
2284,comercial,winter,811
2285,comercial,winter,900
2286,comercial,winter,944
2287,comercial,winter,993
2288,comercial,winter,817
2289,comercial,winter,771
2290,comercial,winter,785
2291,comercial,winter,779
2292,comercial,winter,872
2293,comercial,winter,993
2294,comercial,winter,982
2295,comercial,winter,973
2296,comercial,winter,858
2297,comercial,winter,958
2298,comercial,winter,910
2299,comercial,winter,948
2300,comercial,winter,730
2301,comercial,winter,856
2302,comercial,winter,855
2303,comercial,winter,1001
2304,comercial,winter,958
2305,comercial,winter,826
2306,comercial,winter,1030
2307,comercial,winter,946
2308,comercial,winter,869
2309,comercial,winter,924
2310,comercial,winter,833
2311,comercial,winter,818
2312,comercial,winter,926
2313,comercial,winter,819
2314,comercial,winter,939
2315,comercial,winter,1042
2316,comercial,winter,838
2317,comercial,winter,831
2318,comercial,winter,929
2319,comercial,winter,768
2320,comercial,winter,966
2321,comercial,winter,946
2322,comercial,winter,924
2323,comercial,winter,937
2324,comercial,winter,933
2325,comercial,winter,923
2326,comercial,winter,944
2327,comercial,winter,726
2328,comercial,winter,1077
2329,comercial,winter,856
2330,comercial,winter,1077
2331,comercial,winter,1043
2332,comercial,winter,893
2333,comercial,winter,915
2334,comercial,winter,977
2335,comercial,winter,845
2336,comercial,winter,908
2337,comercial,winter,766
2338,comercial,winter,865
2339,comercial,winter,981
2340,comercial,winter,954
2341,comercial,winter,848
2342,comercial,winter,809
2343,comercial,winter,1080
2344,comercial,winter,838
2345,comercial,winter,929
2346,comercial,winter,943
2347,comercial,winter,907
2348,comercial,winter,871
2349,comercial,winter,845
2350,comercial,winter,871
2351,comercial,winter,1057
2352,comercial,winter,875
2353,comercial,winter,1044
2354,comercial,winter,801
2355,comercial,winter,896
2356,comercial,winter,831
2357,comercial,winter,838
2358,comercial,winter,910
2359,comercial,winter,896
2360,comercial,winter,884
2361,comercial,winter,741
2362,comercial,winter,835
2363,comercial,winter,1149
2364,comercial,winter,897
2365,comercial,winter,905
2366,comercial,winter,862
2367,comercial,winter,891
2368,comercial,winter,985
2369,comercial,winter,879
2370,comercial,winter,741
2371,comercial,winter,881
2372,comercial,winter,866
2373,comercial,winter,922
2374,comercial,winter,1002
2375,comercial,winter,782
2376,comercial,winter,897
2377,comercial,winter,885
2378,comercial,winter,786
2379,comercial,winter,966
2380,comercial,winter,1039
2381,comercial,winter,735
2382,comercial,winter,921
2383,comercial,winter,1073
2384,comercial,winter,901
2385,comercial,winter,897
2386,comercial,winter,1084
2387,comercial,winter,921
2388,comercial,winter,875
2389,comercial,winter,852
2390,comercial,winter,869
2391,comercial,winter,1052
2392,comercial,winter,1020
2393,comercial,winter,852
2394,comercial,winter,1063
2395,comercial,winter,1073
2396,comercial,winter,980
2397,comercial,winter,1010
2398,comercial,winter,957
2399,comercial,winter,892
